is_used,account,is_loggedin,is_agree,is_ended,issued_at
0,2001AS,0,0,0,
0,2002AX,0,0,0,
0,2003AE,0,0,0,
0,2004AK,0,0,0,
0,2005AP,0,0,0,
0,2006AC,0,0,0,
0,2007AH,0,0,0,
0,2008AL,0,0,0,
0,2009AF,0,0,0,
0,2010AQ,0,0,0,
0,2011AX,0,0,0,
0,2012AF,0,0,0,
0,2013AR,0,0,0,
0,2014AE,0,0,0,
0,2015AS,0,0,0,
0,2016AH,0,0,0,
0,2017AR,0,0,0,
0,2018AL,0,0,0,
0,2019AD,0,0,0,
0,2020AR,0,0,0,
0,2021AW,0,0,0,
0,2022AX,0,0,0,
0,2023AS,0,0,0,
0,2024AG,0,0,0,
0,2025AT,0,0,0,
0,2026AB,0,0,0,
0,2027AT,0,0,0,
0,2028AG,0,0,0,
0,2029AF,0,0,0,
0,2030AS,0,0,0,
0,2031AL,0,0,0,
0,2032AD,0,0,0,
0,2033AH,0,0,0,
0,2034AW,0,0,0,
0,2035AX,0,0,0,
0,2036AM,0,0,0,
0,2037AQ,0,0,0,
0,2038AT,0,0,0,
0,2039AX,0,0,0,
0,2040AN,0,0,0,
0,1001BM,0,0,0,
0,1002BK,0,0,0,
0,1003BH,0,0,0,
0,1004BE,0,0,0,
0,1005BP,0,0,0,
0,1006BC,0,0,0,
0,1007BH,0,0,0,
0,1008BD,0,0,0,
0,1009BH,0,0,0,
0,1010BA,0,0,0,
0,1011BN,0,0,0,
0,1012BT,0,0,0,
0,1013BA,0,0,0,
0,1014BD,0,0,0,
0,1015BV,0,0,0,
0,1016BE,0,0,0,
0,1017BC,0,0,0,
0,1018BL,0,0,0,
0,1019BY,0,0,0,
0,1020BK,0,0,0,
0,1021BT,0,0,0,
0,1022BV,0,0,0,
0,1023BQ,0,0,0,
0,1024BT,0,0,0,
0,1025BD,0,0,0,
0,1026BN,0,0,0,
0,1027BR,0,0,0,
0,1028BP,0,0,0,
0,1029BH,0,0,0,
0,1030BC,0,0,0,
0,1031BC,0,0,0,
0,1032BR,0,0,0,
0,1033BL,0,0,0,
0,1034BV,0,0,0,
0,1035BY,0,0,0,
0,1036BC,0,0,0,
0,1037BM,0,0,0,
0,1038BV,0,0,0,
0,1039BS,0,0,0,
0,1040BX,0,0,0,
0,1041BD,0,0,0,
0,1042BF,0,0,0,
0,1043BW,0,0,0,
0,1044BN,0,0,0,
0,1045BH,0,0,0,
0,1046BS,0,0,0,
0,1047BW,0,0,0,
0,1048BL,0,0,0,
0,1049BA,0,0,0,
0,1050BM,0,0,0,
0,1051BL,0,0,0,
0,1052BR,0,0,0,
0,1053BT,0,0,0,
0,1054BM,0,0,0,
0,1055BT,0,0,0,
0,1056BQ,0,0,0,
0,1057BT,0,0,0,
0,1058BX,0,0,0,
0,1059BQ,0,0,0,
0,1060BM,0,0,0,
0,1061BC,0,0,0,
0,1062BE,0,0,0,
0,1063BS,0,0,0,
0,1064BF,0,0,0,
0,1065BK,0,0,0,
0,1066BN,0,0,0,
0,1067BQ,0,0,0,
0,1068BR,0,0,0,
0,1069BT,0,0,0,
0,1070BX,0,0,0,
0,1071BY,0,0,0,
0,1072BW,0,0,0,
0,1073BX,0,0,0,
0,1074BG,0,0,0,
0,1075BY,0,0,0,
0,1076BV,0,0,0,
0,1077BR,0,0,0,
0,1078BF,0,0,0,
0,1079BP,0,0,0,
0,1080BA,0,0,0,
0,1081BF,0,0,0,
0,1082BM,0,0,0,
0,1083BS,0,0,0,
0,1084BF,0,0,0,
0,1085BX,0,0,0,
0,1086BS,0,0,0,
0,1087BR,0,0,0,
0,1088BH,0,0,0,
0,1089BE,0,0,0,
0,1090BW,0,0,0,
0,1091BP,0,0,0,
0,1092BM,0,0,0,
0,1093BR,0,0,0,
0,1094BN,0,0,0,
0,1095BQ,0,0,0,
0,1096BG,0,0,0,
0,1097BE,0,0,0,
0,1098BS,0,0,0,
0,1099BT,0,0,0,
0,1100BG,0,0,0,
0,1101BS,0,0,0,
0,1102BV,0,0,0,
0,1103BF,0,0,0,
0,1104BD,0,0,0,
0,1105BK,0,0,0,
0,1106BA,0,0,0,
0,1107BC,0,0,0,
0,1108BF,0,0,0,
0,1109BG,0,0,0,
0,1110BW,0,0,0,
0,1111BP,0,0,0,
0,1112BV,0,0,0,
0,1113BE,0,0,0,
0,1114BT,0,0,0,
0,1115BD,0,0,0,
0,1116BE,0,0,0,
0,1117BR,0,0,0,
0,1118BV,0,0,0,
0,1119BF,0,0,0,
0,1120BW,0,0,0,
0,1121BM,0,0,0,
0,1122BP,0,0,0,
0,1123BA,0,0,0,
0,1124BP,0,0,0,
0,1125BX,0,0,0,
0,1126BS,0,0,0,
0,1127BS,0,0,0,
0,1128BG,0,0,0,
0,1129BX,0,0,0,
0,1130BM,0,0,0,
0,1131BV,0,0,0,
0,1132BF,0,0,0,
0,1133BF,0,0,0,
0,1134BL,0,0,0,
0,1135BT,0,0,0,
0,1136BW,0,0,0,
0,1137BY,0,0,0,
0,1138BC,0,0,0,
0,1139BN,0,0,0,
0,1140BY,0,0,0,
0,1141BL,0,0,0,
0,1142BL,0,0,0,
0,1143BG,0,0,0,
0,1144BK,0,0,0,
0,1145BK,0,0,0,
0,1146BD,0,0,0,
0,1147BA,0,0,0,
0,1148BH,0,0,0,
0,1149BH,0,0,0,
0,1150BY,0,0,0,
0,1151BM,0,0,0,
0,1152BC,0,0,0,
0,1153BT,0,0,0,
0,1154BT,0,0,0,
0,1155BE,0,0,0,
0,1156BV,0,0,0,
0,1157BH,0,0,0,
0,1158BC,0,0,0,
0,1159BY,0,0,0,
0,1160BC,0,0,0,
0,1161BC,0,0,0,
0,1162BF,0,0,0,
0,1163BT,0,0,0,
0,1164BM,0,0,0,
0,1165BR,0,0,0,
0,1166BN,0,0,0,
0,1167BT,0,0,0,
0,1168BG,0,0,0,
0,1169BK,0,0,0,
0,1170BW,0,0,0,
0,1171BT,0,0,0,
0,1172BM,0,0,0,
0,1173BN,0,0,0,
0,1174BP,0,0,0,
0,1175BX,0,0,0,
0,1176BL,0,0,0,
0,1177BD,0,0,0,
0,1178BG,0,0,0,
0,1179BD,0,0,0,
0,1180BY,0,0,0,
0,1181BS,0,0,0,
0,1182BL,0,0,0,
0,1183BR,0,0,0,
0,1184BE,0,0,0,
0,1185BN,0,0,0,
0,1186BT,0,0,0,
0,1187BY,0,0,0,
0,1188BE,0,0,0,
0,1189BM,0,0,0,
0,1190BN,0,0,0,
0,1191BK,0,0,0,
0,1192BV,0,0,0,
0,1193BY,0,0,0,
0,1194BV,0,0,0,
0,1195BX,0,0,0,
0,1196BP,0,0,0,
0,1197BS,0,0,0,
0,1198BW,0,0,0,
0,1199BN,0,0,0,
0,1200BA,0,0,0,
0,1201BP,0,0,0,
0,1202BQ,0,0,0,
0,1203BE,0,0,0,
0,1204BC,0,0,0,
0,1205BD,0,0,0,
0,1206BW,0,0,0,
0,1207BF,0,0,0,
0,1208BH,0,0,0,
0,1209BM,0,0,0,
0,1210BN,0,0,0,
0,1211BN,0,0,0,
0,1212BY,0,0,0,
0,1213BR,0,0,0,
0,1214BC,0,0,0,
0,1215BE,0,0,0,
0,1216BF,0,0,0,
0,1217BM,0,0,0,
0,1218BT,0,0,0,
0,1219BR,0,0,0,
0,1220BF,0,0,0,
0,1221BF,0,0,0,
0,1222BM,0,0,0,
0,1223BD,0,0,0,
0,1224BQ,0,0,0,
0,1225BV,0,0,0,
0,1226BL,0,0,0,
0,1227BC,0,0,0,
0,1228BX,0,0,0,
0,1229BX,0,0,0,
0,1230BW,0,0,0,
0,1231BQ,0,0,0,
0,1232BT,0,0,0,
0,1233BS,0,0,0,
0,1234BH,0,0,0,
0,1235BS,0,0,0,
0,1236BK,0,0,0,
0,1237BN,0,0,0,
0,1238BT,0,0,0,
0,1239BQ,0,0,0,
0,1240BS,0,0,0,
0,1241BS,0,0,0,
0,1242BV,0,0,0,
0,1243BF,0,0,0,
0,1244BH,0,0,0,
0,1245BY,0,0,0,
0,1246BD,0,0,0,
0,1247BT,0,0,0,
0,1248BY,0,0,0,
0,1249BA,0,0,0,
0,1250BT,0,0,0,
0,1251BS,0,0,0,
0,1252BH,0,0,0,
0,1253BH,0,0,0,
0,1254BY,0,0,0,
0,1255BX,0,0,0,
0,1256BA,0,0,0,
0,1257BX,0,0,0,
0,1258BY,0,0,0,
0,1259BF,0,0,0,
0,1260BL,0,0,0,
0,1261BD,0,0,0,
0,1262BS,0,0,0,
0,1263BD,0,0,0,
0,1264BQ,0,0,0,
0,1265BH,0,0,0,
0,1266BS,0,0,0,
0,1267BX,0,0,0,
0,1268BW,0,0,0,
0,1269BT,0,0,0,
0,1270BG,0,0,0,
0,1271BH,0,0,0,
0,1272BV,0,0,0,
0,1273BL,0,0,0,
0,1274BX,0,0,0,
0,1275BC,0,0,0,
0,1276BS,0,0,0,
0,1277BQ,0,0,0,
0,1278BP,0,0,0,
0,1279BE,0,0,0,
0,1280BK,0,0,0,
0,1281BQ,0,0,0,
0,1282BR,0,0,0,
0,1283BH,0,0,0,
0,1284BA,0,0,0,
0,1285BD,0,0,0,
0,1286BH,0,0,0,
0,1287BD,0,0,0,
0,1288BY,0,0,0,
0,1289BE,0,0,0,
0,1290BQ,0,0,0,
0,1291BF,0,0,0,
0,1292BE,0,0,0,
0,1293BM,0,0,0,
0,1294BR,0,0,0,
0,1295BW,0,0,0,
0,1296BD,0,0,0,
0,1297BM,0,0,0,
0,1298BS,0,0,0,
0,1299BA,0,0,0,
0,1300BF,0,0,0,
0,1301BY,0,0,0,
0,1302BR,0,0,0,
0,1303BN,0,0,0,
0,1304BX,0,0,0,
0,1305BP,0,0,0,
0,1306BW,0,0,0,
0,1307BC,0,0,0,
0,1308BS,0,0,0,
0,1309BD,0,0,0,
0,1310BS,0,0,0,
0,1311BV,0,0,0,
0,1312BF,0,0,0,
0,1313BL,0,0,0,
0,1314BV,0,0,0,
0,1315BR,0,0,0,
0,1316BM,0,0,0,
0,1317BC,0,0,0,
0,1318BR,0,0,0,
0,1319BN,0,0,0,
0,1320BX,0,0,0,
0,1321BP,0,0,0,
0,1322BV,0,0,0,
0,1323BV,0,0,0,
0,1324BR,0,0,0,
0,1325BS,0,0,0,
0,1326BE,0,0,0,
0,1327BG,0,0,0,
0,1328BM,0,0,0,
0,1329BG,0,0,0,
0,1330BT,0,0,0,
0,1331BC,0,0,0,
0,1332BG,0,0,0,
0,1333BA,0,0,0,
0,1334BT,0,0,0,
0,1335BH,0,0,0,
0,1336BE,0,0,0,
0,1337BD,0,0,0,
0,1338BQ,0,0,0,
0,1339BG,0,0,0,
0,1340BT,0,0,0,
0,1341BK,0,0,0,
0,1342BV,0,0,0,
0,1343BN,0,0,0,
0,1344BR,0,0,0,
0,1345BP,0,0,0,
0,1346BY,0,0,0,
0,1347BQ,0,0,0,
0,1348BL,0,0,0,
0,1349BL,0,0,0,
0,1350BC,0,0,0,
0,1351BA,0,0,0,
0,1352BR,0,0,0,
0,1353BX,0,0,0,
0,1354BH,0,0,0,
0,1355BR,0,0,0,
0,1356BD,0,0,0,
0,1357BR,0,0,0,
0,1358BF,0,0,0,
0,1359BE,0,0,0,
0,1360BW,0,0,0,
0,1361BP,0,0,0,
0,1362BM,0,0,0,
0,1363BT,0,0,0,
0,1364BC,0,0,0,
0,1365BS,0,0,0,
0,1366BL,0,0,0,
0,1367BM,0,0,0,
0,1368BR,0,0,0,
0,1369BM,0,0,0,
0,1370BW,0,0,0,
0,1371BF,0,0,0,
0,1372BH,0,0,0,
0,1373BM,0,0,0,
0,1374BP,0,0,0,
0,1375BQ,0,0,0,
0,1376BH,0,0,0,
0,1377BQ,0,0,0,
0,1378BQ,0,0,0,
0,1379BG,0,0,0,
0,1380BA,0,0,0,
0,1381BL,0,0,0,
0,1382BX,0,0,0,
0,1383BA,0,0,0,
0,1384BM,0,0,0,
0,1385BK,0,0,0,
0,1386BM,0,0,0,
0,1387BW,0,0,0,
0,1388BS,0,0,0,
0,1389BT,0,0,0,
0,1390BX,0,0,0,
0,1391BP,0,0,0,
0,1392BM,0,0,0,
0,1393BM,0,0,0,
0,1394BL,0,0,0,
0,1395BM,0,0,0,
0,1396BC,0,0,0,
0,1397BE,0,0,0,
0,1398BW,0,0,0,
0,1399BA,0,0,0,
0,1400BA,0,0,0,
0,5001TS,0,0,0,
0,5002TS,0,0,0,
0,5003TS,0,0,0,
0,5004TS,0,0,0,
0,5005TS,0,0,0,
0,5006TS,0,0,0,
0,5007TS,0,0,0,
0,5008TS,0,0,0,
0,5009TS,0,0,0,
0,5010TS,0,0,0,
0,5011TS,0,0,0,
0,5012TS,0,0,0,
0,5013TS,0,0,0,
0,5014TS,0,0,0,
0,5015TS,0,0,0,
0,5016TS,0,0,0,
0,5017TS,0,0,0,
0,5018TS,0,0,0,
0,5019TS,0,0,0,
0,5020TS,0,0,0,
0,5021TS,0,0,0,
0,5022TS,0,0,0,
0,5023TS,0,0,0,
0,5024TS,0,0,0,
0,5025TS,0,0,0,
0,5026TS,0,0,0,
0,5027TS,0,0,0,
0,5028TS,0,0,0,
0,5029TS,0,0,0,
0,5030TS,0,0,0,
0,5031TS,0,0,0,
0,5032TS,0,0,0,
0,5033TS,0,0,0,
0,5034TS,0,0,0,
0,5035TS,0,0,0,
0,5036TS,0,0,0,
0,5037TS,0,0,0,
0,5038TS,0,0,0,
0,5039TS,0,0,0,
0,5040TS,0,0,0,
